{
  "project_info": {
    "project_number": "306964152526",
    "firebase_url": "https://dev-firebase-d5bef.firebaseio.com",
    "project_id": "dev-firebase-d5bef",
    "storage_bucket": "dev-firebase-d5bef.appspot.com"
  },
  "client": [
    {
      "client_info": {
        "mobilesdk_app_id": "1:306964152526:android:66a692c5e1980140",
        "android_client_info": {
          "package_name": "com.example.buoi8"
        }
      },
      "oauth_client": [
        {
          "client_id": "306964152526-pkv958vmnft5rcbapjltfmto9hh5scde.apps.googleusercontent.com",
          "client_type": 1,
          "android_info": {
            "package_name": "com.example.buoi8",
            "certificate_hash": "431214e45c4d9f4b876be773072f7b5558a3a74c"
          }
        },
        {
          "client_id": "306964152526-9ddtv0fpvjcpqka0vlebrnvijmhkc42s.apps.googleusercontent.com",
          "client_type": 3
        }
      ],
      "api_key": [
        {
          "current_key": "AIzaSyAN5r9h2oAaUcc6y0WIwGMf5ZILz_TK23c"
        }
      ],
      "services": {
        "appinvite_service": {
          "other_platform_oauth_client": [
            {
              "client_id": "306964152526-9ddtv0fpvjcpqka0vlebrnvijmhkc42s.apps.googleusercontent.com",
              "client_type": 3
            }
          ]
        }
      }
    }
  ],
  "configuration_version": "1"
}